subject_name,tutor_firstname,tutor_lastname
pee sleep fashion quotes machinery climate calculate advertisers deliver went,Margaretta,Loriann
revision terminal fifth neutral setup rain global themselves adverse rated,Miguel,Chang
functions shareware gonna processing touch permit companies fees something required,Ross,Miguel
cotton yellow reporting their belgium follows ebony beam political also,Basil,Clelia
submit brought annotation price treatments protocol opened hide evidence where,Gerald,Angelo
hundreds afternoon shareware asked method bikes slowly bids triple comment,Deonna,Freddy
necessary fully healthcare keys require sight identify chat comfortable helped,Valeri,Wilton
costume parenting interfaces declaration browse improve mint capabilities adventure walter,Arnita,Benton
preliminary photo discount reg additional meets device inside april george,Weston,Kendrick
death contacts suggests extras nurses wine kenya driving stereo tablet,Lael,Ashley
cabinet rfc affect product thesis failed ssl painting itself dragon,Gene,Domitila
officers limited religious eur pupils finland exam ended courses water,Sudie,Avelina
understand improved glad properties lights firefox moment tx consult files,Lillia,Thurman
either permit exist hybrid dr hours earned javascript conflict handling,Petronila,Joseph
research reviewer appearance ink fluid verify portugal genetic fiction solid,Rosy,Lucio
proceedings ca rate counsel publishing board currently settings toyota spring,Jessia,Sebastian
goto client tit audio teacher planet cheap fax residence sometimes,Reyes,Cindie
collected steps xp soap forces keyword sony password said norway,Kerstin,Ramon
martin photoshop bringing manga evil played emergency ga ward experiment,Desirae,Abe
relationships bikes merchant linda difficulty schemes athens paradise portuguese perfume,Jermaine,Crissy
decrease matters int james die maintenance sad popularity legislation profile,Amberly,Amina
extent modern von thanks semi jet extreme historic prohibited definitions,Gil,Gricelda
affiliated killed spot george administration oil days el somebody buffalo,Rico,Jayson
yellow taste extract wright writes usual during advisor versions driving,Jeffrey,Jonell
weeks establishment trees checkout tank ae consists control nation yellow,Petrina,Kiley
para otherwise conditioning conducted resistant douglas sacramento profit shoe techniques,Genny,Frederica
without array calculated denmark medical change reach location vinyl employment,Ching,Delta
up came churches list animals bargains determined where because rod,Marylynn,Carmen
preview individual frequency buddy abroad species back statistics amounts atlantic,Shandi,Earnest
caught michael moved problems religion printed about tracking aging rw,Truman,Aron
ed tests rob disabilities terror thirty receives residential influence studied,Jeffry,Willian
pages suggest florist observations too appearing oclc born pointer meta,Ty,Joesph
named hollywood code alaska institute fm brother commonwealth passion element,Elliott,Riley
cod million dark untitled prevent boat processor creates entertainment walked,Lashon,Jae
mx ga specifications congress having began attorney investors diverse targets,Scott,Rey
bottom fat shirts chemistry gave tvs minnesota impact thesis show,Carmelia,Chia
kerry minor ratio died charge forms alan cheap hat bookmark,Carmine,Christena
gamma ut drug suicide defense efficiency intended net points double,Shanelle,Jerald
biological he pressure commerce reducing pleasant proceedings character sectors cvs,Erick,Rebecka
eng duke tampa jordan newspaper ease exclusive audio vi solid,Retta,Mitzie
domain minority im fifth analysis begin revealed boss stood tiny,Isiah,Cody
ja fabric soup hazardous tried nine pe demand correction accordance,Ludivina,Roy
quarter stability exercise plain periods fan optical poll stupid affordable,Antone,Ruben
troops arguments nokia hang netherlands applied lib founded wrap lodge,Ronny,Frida
finder amd operators tour priorities loose covering attention muscle stop,Joana,Rubie
shopper stored spanish mice describe ot process brazil language lets,Mason,Isis
tool driver then nashville se installation comfortable communicate flight two,Kermit,Curtis
prison fight appeared vendor blonde names diabetes merely homepage mr,Tobie,Laraine
gun bid card aids proceed constantly retired exhibit mad dependent,Keneth,Dario
traffic lamps edinburgh kits winner these holder poland walls rehabilitation,Nichol,Jeremiah
az physics variable operators throughout chevrolet arkansas forms families biological,Sharilyn,Delcie
connected operator silver drivers accessory kernel editors ways senior figures,Justin,Ara
traffic insurance landscape once disability students src receipt significantly laura,Annita,Isidro
models recognized secret forest unit respective engines tim does condition,Iraida,Lavera
designs sitemap mostly academy importance instance genre brand lookup dual,Larisa,Noel
detail speaker metabolism knife islam arm personals electronics events exit,Setsuko,Floretta
clinic yahoo prev heating se will restrictions plasma recommend grade,Delisa,Allen
automated rick leaving risk jazz designers mysql adventure arabia beastiality,Shawn,Darryl
plants margaret doll proud drawing media meter pending human iv,Santo,Demetrius
gulf price college electrical musical earn census seeker facial cuba,Florencia,Reggie
teen studios trail orientation encourage corporation assessment fantastic writes friendly,Thomas,Glayds
couples recommendation democrats color blue result winning vice rare peace,Levi,Bebe
sponsors connection among se efforts avenue minister fail fairly fields,Cleo,Stefan
determine mountain bay purple amendments cell postal planet feeding wage,Layla,Celinda
awareness teacher throat deliver bearing cases apply session statistical million,Eldon,Oren
sort minutes harbor hard henry partly red introduced topics visits,Brandon,Olen
reporting scan enrollment soldiers schedule contact lottery adventure faculty russell,Luana,Despina
origin compliance pace deluxe alaska boot james holding hiv appears,Miyoko,Olen
tion balance recorder searching agents un libraries eye designated agreements,Gilberto,Gail
victim vermont dogs household banner offering producer samples happen workers,Stanton,Tambra
config younger inspection clinton brown amateur account coat nasa shaped,Byron,Lyle
labor side amended admin sponsored members coverage pull community seems,Lyle,Graig
revolution memories conducted duties builder confirmation light ontario the edt,Julieann,Liberty
posters parker disclaimer photos es self weapons guaranteed syntax makers,Kelsie,Daryl
empty framed coupon occurred stainless evaluation feb alcohol rest bin,Verdie,Jean
coat operators inner guinea middle bmw football hats disclosure raised,Burt,Christeen
networking shops contains nt certification regions comic organization proceedings char,Hermila,Boyce
buyers magazines delivered corps rod favorite xp marriage swedish founder,Cory,Dylan
dealtime famous birds pay population unknown alan next developed existing,Sanda,Sergio
duke authentication messenger lots integration austria offset roulette disclaimer attribute,Cher,Margene
super filing ts air trend hearts pet marks pl modules,Samuel,Augustina
shoot member straight terrorist john york rural best tony lecture,Katherin,Ed
activation restaurant age employers strings loop puerto though front heads,Garry,Otha
moral jennifer surgery shot automation advertise dvds gi portion costa,Cassondra,Dorian
israel rio came vacuum actually bc feeds yours proposed penalty,Emelina,Neal
confirmation larry router neighborhood sporting delta nutten shares roles definitely,Neta,Scot
rare cancer powder hs violation memphis mention press characteristics drinking,Merissa,Francina
wi continue historical obligation blogging resulted alumni politics optimal duke,Trenton,Doyle
systems attributes principle financial fast california parties company adverse sky,Stanford,Ema
los formats anna reason auctions old specialized comments asia owned,Patrick,Belkis
answer seem fish el pipeline boat reflect only rc medicine,Catherina,Dione
new charged ethics blogger retirement traveler an than interested paint,Yan,Mario
connected asking covered ranch administrative shoes indicate wow memorial howard,Lieselotte,Sam
grove codes identifying which high trail fetish boxes motor malaysia,Olevia,Gino
adventure mice adverse disabled licensing trace pilot plc magic jim,Sammie,Delmar
ways monitor represented better dan tn commit assignment nz difficulties,Daine,Hai
force proteins decor parameter stories basket equation query dancing enjoy,Delila,Ivelisse
compilation designed secretary persons pleasure junior adobe consolidation computer plant,Elenore,Cruz
nations devil gets limit war cancer def filters ec explained,Gavin,Rod
active liable copyright he ar utility sites division definitely cache,Lyndon,Ladawn
consolidation rr dose sentence scripts universe revolution whether daily needed,Shiloh,Trevor
household dental bush collections included folder luxury projection contacts sexy,Malorie,Hassan
entries hp boxes depends suppliers breaking win cultural bodies me,Laronda,Thaddeus
messages clause documentation thousands grove attend serving undergraduate cellular keys,Clarita,Dewayne
figures ph nv linear asian equation up accordance hello corporate,Jarrod,Kimberlie
significant close id hist western sierra applies pl amended acute,Kimber,Jim
impact utah where gratis legislative passed truly seems certain founded,Donald,Yaeko
margaret bridge cds achievement forgotten classroom lib conflict egg relation,Barbar,Calvin
finding bay chat russell activity wealth hurt into strike regards,Corey,Carlton
assist skip hd caps funds que handheld miscellaneous populations sep,Thomas,Tammera
around ss width myself cassette reputation clerk concerns picks shock,Raelene,Louetta
working booty welfare de utility august atlas mon baby editorial,Cristopher,Yuko
knife der towards albums illustrated loans jul robot habitat valve,Kirby,Thresa
nation titten van forgotten charles salary ordering eur colorado patterns,Ai,Kiley
contractors judgment cast zdnet trying cycling columbia achieve zum tops,Brunilda,Dierdre
broke alex shaped broadcasting excel german demands algorithm bracelet climbing,Loma,Jani
asp breaking appendix installing id appointed assess dirty install notice,Grisel,Garrett
sauce phones considering electrical serving jury required chemistry minnesota margaret,Inocencia,Brain
neither rd pad boundary specs van plane events mask aluminum,Annamae,Pauletta
plug threads drink tomorrow wants reduction launch wonderful archived instruments,Matthew,Keneth
tramadol everywhere britney back verify thank adjustment plugin te service,Keren,Catarina
gap sterling studies connect flows constraints bulgaria purchase base extensions,Lucrecia,Daysi
variable normal feeding heart painting floor coupon hide babies famous,Lorenzo,Adena
ports lamps bang browser bondage islands speed cpu attendance brain,Hwa,Hershel
bring visible mortgages est raised guys shipped account campbell female,Sherice,Jules
chest genuine elizabeth drawn aircraft pipe connecticut alert began fabric,Kimber,Tad
question drum district serious printing latest sacramento turn vt billing,Nakisha,Dong
boots shaved php finland ae really appointment published sf account,Sommer,Blaine
had faces elsewhere hook digest controls expected ordered aaron alien,Pinkie,Tatyana
libraries essential tokyo transaction summit employer guns men gender comparison,Viki,Pearly
sharing john median msn side raise occupational apple chi pi,Mitch,Elwood
sport connection prime capability alcohol tropical coalition station band towns,Solange,Laverne
food kent vi bluetooth rf busty spectacular tel upgrade violent,Levi,Suk
fotos perhaps whenever target guides orientation reflect contains remote served,Frankie,Anthony
location smoke hairy china limousines blow stretch hist majority keep,Joel,Dominick
queen communities photography phrase championship plc pharmaceutical within migration shots,Kevin,Jame
taiwan presentation leadership funds destinations bedrooms accordance arabia prohibited animal,Eleonor,Sparkle
ae ends qualifications package ongoing origin mistake supplier market handling,Dewey,Jerald
cooperation progress dead plugin kept alice ones commentary request mexican,Elvin,Shad
animal trademarks registry printers roots soldiers qualified limitations latex deaths,Anthony,Carey
african door ownership seconds apparel emerging hip sciences hand cables,Jerry,Len
transferred menu documentation team prevention orlando qualified living recall ag,Wade,Jonelle
correctly sexo bridge leather develop barry clinton cm stability ca,Keeley,Le
drives trackback thin processes latter hear sue monday parties kennedy,Jin,Mercedez
commonwealth nick opinions ordered older formed lot arkansas secret friends,Rosamaria,Eleanora
commons pill digital camp inches manufacturing alerts integrity settings tower,Toney,Thanh
shop dance express proud chat suggested acres site voyeur california,Inger,Francesco
complete rom desktops ethnic liable shock dildos sauce proven scope,Hana,Elodia
geography emissions moreover hotel bulk undergraduate clothes historical responsible opinions,Belkis,Jarrett
juice partnerships showtimes naked net determining northwest direct aids murder,Arminda,Hue
supplier editors becoming portfolio meta fine suicide fort investments face,Neoma,Long
blogging costs iso nepal errors mirror marketing destruction arguments ra,Gertha,Eryn
seasonal juice recycling blind disabled registry et mathematical shipped pressure,Shirely,Leon
guinea forth keeps clearly filing ann glossary go editions verzeichnis,Jude,Lyla
support vinyl displaying mailing intended carrier transfer produce puts nutten,Livia,Edwin
tables coastal islands return eagle based norton limited attachments reached,Sharilyn,Jenae
sony mean currency crimes neighborhood resulted wikipedia bold follow assist,Mikaela,Mitsuko
emphasis appeals kinds partial vendor achieve mesh copy matrix french,Rich,Garry
october website unable rm iv interested holidays herself directory institutional,Deandre,Maurice
submission reads hamilton microsoft left helpful independent benefits leadership search,Alethea,Carmine
india und labs arthur worst laptops ten recognition dvds early,Waylon,Danyel
sides administration retired champion mentioned valley interior action friends printable,Kathe,Jordon
medline between those womens affordable creator focused pants managed seasons,Laronda,Allan
multi replaced message etc america calculate newly miscellaneous next can,Heriberto,Tomika
ah combat transfer manhattan controlled mounted lives aids final dedicated,Micki,An
extensive crown fast asia cruises hewlett import full answered standing,Kirstie,Prince
knowing countries relating apparel miami pixels pride kit ron aud,Dorian,Gigi
rapidly clicking passage acting tree begin dad word amd nsw,Providencia,Shemeka
bathroom prove campbell fields bonds chest relationship constant showing posted,Deedee,Damon
metro lane packs bob fundamental tiny keith vector chinese networks,Reggie,Phung
scholarship rc sampling african constantly monster underwear levels support resulted,Hermina,Dalila
objective horse glad adjustable bishop emergency spectrum paperback cloudy route,Mose,Antoine
un species motorola involved neutral vehicles even typically offered logical,Harry,Sung
thank micro dutch meeting consulting certificates thinking sets dish necessarily,Merideth,Melodee
temple smart legs mitsubishi charges approved margaret mark event film,Christinia,Ema
portable extract insider florists headlines kansas diameter eastern targeted samuel,Myrta,Louis
console complaint mathematics saw duration problem const cisco adverse track,Margene,Russell
swimming zdnet den updates holes poster howard samsung ex zoom,Brett,Donnell
classes museum marie experimental maps mirror gets loose comedy build,Luetta,Lon
old mill downloaded seller jews secretary breast september lottery responses,Sergio,Bob
fraud laws reviews pat decline cuts rules chicago rap dose,Gracia,Ozell
prints studios pride fear bathroom false committed completion sr val,Timothy,Rufus
courses too pump garden lat benefit support subscribe addition jean,Marisha,Piper
high bidding follow reporter winner both dc lock pen antonio,Genia,Tran
constitution win alternative decisions smooth makes dir sufficient platinum residential,Keneth,Carroll
powder happens mind median chapters applicant notebooks anything structures checkout,Julio,Magen
prepare then thought computer ancient sales tee reserves speaker cells,Catherina,Ferdinand
journals heard true specs lbs specific robot cultures expense break,Jama,Noah
certification considered advisory thousands matthew towns opens additions obtain residence,Johana,Wilton
schools distributor prison pointer photos does st metropolitan evolution treatments,Willodean,Dewitt
position appearing node analysis beam shipped upon crack tokyo normally,Linn,Danae
trust bits ancient people opera ended ic does fantastic marriage,Shirl,Austin
economics jacket depends collections bracelet destinations br launched contracts highway,Junita,Debbi
path suggests ar robot hot upper famous el voltage so,Ted,Coletta
continue giving folk historical moves collect example attack bikes lenses,Long,Deandra
voyeur premium headquarters objective xhtml bytes remote assessment lbs pg,Tammera,Bert
domain romance august dna requested institutions over pan ahead sampling,Shanti,Arlena
storm decades sense energy powder participation hotel symptoms modem longer,Alfonzo,Mariano
lovely scripts lack gonna muslim relation eligible political sell british,Michal,Brendon
wave modem ghz be air stable elsewhere talk classic risk,Kelsie,Richard
ca archives either sharing discounts coordination sm am palm string,Zachary,Shad
measurements creative juan frame diesel perhaps mind houston high flexibility,Eneida,Cary
weeks nevada bags stores mt load now damn turned suit,Tory,Arthur
plate aluminum cooper castle advertisement accessibility spanish phoenix min venture,Terrance,Santina
guys levels transferred pipe increasing climbing retail installing worth qualifications,Haywood,Judson
attraction flower reed beauty diagnosis buying australian arizona biggest waters,Mathilda,Landon
yes extend replies museums conservation governments mins conservation comply cancel,Matt,Honey
animation intelligence situations afghanistan designs bikes manufacturer neighborhood nurse favorite,Joselyn,Arie
fees during wet sequence disney nursing bedroom answers due service,Gilberte,Tamala
mt expensive wife angels rs northeast challenge tech plus interpretation,Marquis,Paz
billion instruction animal dimensions interior cut generally acid senate at,Camelia,Randal
owned jpg intent arguments authors practice pmid pulled funding specifically,Claud,Marion
killed operated reed catalogue accept gr business consumer participants posts,Hyo,Freddie
training powers albums mainly costs buy expertise pregnancy headset theatre,Ozell,Deandrea
generated barcelona follow exception amateur north magazines los platform submission,Jorge,Dusty
personal red holders state lodge animation seconds buying worship districts,Jamel,Domenic
such representing mystery crash specs create nothing melbourne sick cost,Diedra,Kourtney
dear concert nv pierre residence shorts referral evening rape nyc,Elvis,Monserrate
act moral gratis warren reform california create media grounds platform,Geoffrey,Austin
near product month welfare binding allen struggle reader school circumstances,Arnita,An
friends an dj transmission choose field should katrina inform household,Fernande,Rachell
rap boost reliability help empire healthcare trace stainless highlight reason,Carmine,Waylon
ma possibly set frequent messenger part biz groups innovative statement,Pasquale,Douglass
why meters completed linked residential lift song brands asp volume,Yung,Shane
antiques elementary machines form variables million blogs sing memorial academy,Jean,Lee
so ml amateur important strong nov names critical spot pics,Leida,Gaynelle
funny dose statutory memories novel so dreams parliament ce uniprotkb,Pearlene,Walton
fortune asp ba upper glory canadian cartoons bike professional constitution,Floretta,Elinore
sky looking tabs help illness ion regarding trusted favor split,Tiny,Andreas
attended zoom seeking oregon participating appeared years golden fiber check,Boyce,Anderson
enables fault charged kick determine would lucky grow apartments or,Lonny,Jacelyn
accounts videos enlarge glasgow epson accuracy cotton gross miller office,Arnita,Gregory
fail regions bank shared stars sector treat assignment guitar relationships,Ron,Odell
tops boxes commonly tiffany release concrete end danger amount maintained,Cyril,Frederick
ia mining every spin regard luck locked fail hunting returned,Norris,Lenard
chase broadband hiv download graphic copy parent evaluate discussions aud,Jude,Susy
onto collections matching rating beds chart catalogue micro amounts came,Vannesa,Janyce
top flickr pending approximately mother lovely lesson carrier classics theme,Zita,Kaleigh
opens carried greater pregnancy idaho seniors affiliated li own orange,Nicol,Annamae
responses disaster murder opt memories actor promotion comics putting foods,Felix,Marketta
rest nancy liability specified map debt attached country careers apache,Ferdinand,Roscoe
training romance customer organic ll shower edge remained allowed venezuela,Raguel,Simona
society coast debian supported enable mouse speaker dimension wrestling incredible,Angelic,Chase
gnome iv literature walking dispute wrestling clinical generator sport ct,Gerry,Ebonie
thompson gap titten samples montreal slave crown spanish they array,Illa,Geoffrey
coaching basically external extensions injection advisor page hub indicated according,Georgianne,Alan
sponsor united texts unable pottery cells pdt med boot ads,Fredda,Jama
spanking islam causing sweden muscle installing constraints supplies browsing minute,Luise,Courtney
implemented use mainly efficiency express inkjet spectacular affiliate role simpson,Elwood,Elias
funny corp mode reliability strategies reliability partly commit inspection each,Toi,Dania
vast chinese herein step their zealand chip break incest limits,Marchelle,Louie
hr poland thought approved most expense brown minimum employees jul,Williams,Myrta
jones weird iraq foods outside ii mortgages technique antiques commission,Roselee,Mica
popular jimmy self materials receive holdings segment producers manhattan ne,Evelyne,Garret
below carrying provided while sad portion phentermine classifieds demo particularly,Azucena,Roselia
minnesota help unique eating spoke special harris vary rm ticket,Devorah,Zack
ex changes show feelings parks airline maintain juan wake agenda,Miquel,Tyler
moments sets verify hate weight cuts luck killing subsequent sunday,Santo,Adam
bowl guy robot moderate deal bedding output mar shopper output,Santiago,Carie
affiliated channels magnetic either meter antiques grey quebec code powerful,Lou,Dean
sir opt personalized jon choose truly jet earlier informational centres,Maddie,Margarite
rocks lycos feeds intelligent spread plaza authors comfortable eligible all,Khadijah,Clair
solve labels our ieee trucks senate remarks interactive aim fails,Fausto,Wilmer
length recommend rugby highest says psp heard adopted telling version,Nohemi,Nathanael
aspects hunter student controlled scale disaster accurate science twin snow,Calista,Rozella
gm case result api observed rich canon thru strings activation,Daryl,Refugia
ring pic benefits serve underwear guardian mortgage block courtesy zone,Carylon,Roselle
rapidly trip circuit residents has fabric therapy related editions projects,France,Rueben
resistance dragon bachelor voip angeles gap employment serves acute revenue,Maurice,Frances
detroit administrator share mini operations phrase hawaii decide focus gulf,Bobbye,Hilde
liked productivity frames dont plasma practice milk simpson purpose supporting,German,Yang
data pleased musical to zip completely continuing bill portfolio forces,Willian,Nickolas
shock detroit killed adds specified missed changed judgment rapid dogs,Shakita,Ebonie
dallas para holding pipeline wonder fantastic interviews tu programs interesting,Linsey,Lindsey
anybody towards prior toy documentary suitable permit wants explain narrow,Rickey,Barrett
parameter west effort chip times hungary developer mice nor sheet,Willia,Alexander
son production ba exciting aspects network equal sensitive enjoyed developing,Janene,Emerson
golf doc rod falls duke dean operator personalized input sides,Clemente,Cyril
all rat missing anything zdnet fy older pc executive payday,Valentin,Ian
days performed polish behalf balance caught dental counters zdnet lp,Reynalda,Scottie
according retired dallas beginning corrections eligibility yard personnel cartoons moderator,Julene,Francesco
elementary absolutely winds counsel attitude tue burn miller chat electric,Criselda,Tanna
emergency supporting written serial cleveland collections rapid philip seek expanded,Leonel,Francis
origin individuals albert workshop forever letters returning gray combination does,Dick,Yasuko
sc counts forums ia stroke above operate random cleaning bunch,Michale,Christoper
pharmaceutical charged canon film specs packet taught bruce growing above,Jerald,Meggan
interaction urw configure mainly beat mozilla students style reviewer tokyo,Bryce,Dusty
builder cal assessment payments cap couples ball democracy dragon something,Yi,Elisabeth
inspired site mod builders monthly refinance earnings compilation dealers contacts,Tiny,Shakia
bondage france currently coast resort sized opened wales breasts ski,Chante,Angle
artwork produced village img wire black rescue horror because were,Thanh,Rosenda
kernel roses vast growing alphabetical elected alberta motors advertise accept,Milda,Kellee
doc mention stadium rate presented nz noticed multi structural ltd,Isaias,Andreas
liver systems iv camcorder produce bytes museums pm bluetooth setup,Taisha,Eugenio
carried bargain img contractors stay metal clock beach agricultural fourth,Long,Tomiko
bang ipod homepage thu hands faces documentation specify backup berkeley,Naoma,Greg
outlet virtual download works published trial seem buying financial previously,Keith,Angelic
cutting investor descriptions plane co relatively regardless inspired distribution relating,Phung,Alton
carolina simply experiments walk brothers plain hurricane till trading researchers,Clayton,Herb
depression barry senate grid wild poetry sending target venezuela interesting,Raymon,Janay
agent retired widely text origin recall dispute frames references recipient,Britni,Ilana
buy portion opportunity whether gift capability preferred cream sm registered,Stanley,Siu
plastic tue am secrets cooling township opinion measurement cover statutory,Josiah,Rosario
dad opt center skiing enhanced closely apparel understanding pierre brad,Emanuel,Foster
experiment arthur prayer iran partners greek functionality meal thick stem,Cleveland,Reatha
features yards manufacturers about magnetic first biology select un rentals,Larry,Blake
depth advertise leads charger jews write institute leaders qty count,Katerine,Shalon
queen hosts variation welcome israel conclusion oriented model summary ut,Steven,Glayds
on def unit countries blade specs dated install terror evening,Brian,Emeline
iv living secretary complaints top know lab catch agenda if,Nohemi,Rosia
sci sharon matches implementing declaration initial ends completely nude adventures,Audrie,Veronika
meal recommendations added explained mind ray chart gross rules google,Pok,Illa
nick arm estate trees pointer oem upskirt storage ot advertisers,Rosendo,Valentine
receipt inc border pt millions region left proceedings less pre,Celesta,Laronda
bin strength rt thin blowjobs morgan window harris nw taste,Dominica,Alease
method portrait specify monitoring parties go efficient everyone debt chip,Alvin,Colton
signals told antiques module launch coastal dir broad things rev,Bryce,Moshe
determined becomes copper lens political kingdom orange virtual oxygen normally,Garry,Mervin
pdt taking sub contact hundreds resistant inform earnings visit brother,Sam,Porfirio
suddenly fails clients loss vietnam products believed shot mm locations,Rosario,Sebastian
characters sad cvs surf constitution usd gulf garden dealer format,Marlin,Heike
fight has register psychology talking stable promise now terror choice,Loyd,Carlita
collins promotional billy everything warm brown spot trackback young data,Vivien,Tarra
crimes valve mins reputation message los trips voltage printing codes,Antonia,Jason
robin appearing replacement magnetic workplace due iso comedy radar solution,Hung,Olene
acceptance toy wrong delay canon matters spectacular supplied ir boxes,Alvera,Margrett
fundamental occur sizes evening alert let worst alien nigeria bearing,Evelin,Stanford
installing largest survey working vinyl crafts cotton already two damages,Billy,Jude
florida computer inch cartoon slave streets devices diseases grew jerry,Benton,Ciera
leading beautiful mitsubishi inch complaint far enables mall long ontario,Florencia,Gil
forecast edt thank volume avenue killed familiar gene stored angel,Emil,Drew
containing gulf security successful maximum army indeed holds kitchen rail,Gayle,Alethea
registered daughter nyc directories cake tagged productions italy living advantages,Gilbert,Walker
jean ha per experiences communicate rules second corn pocket ja,Berna,Adan
tv wells tend same puerto texts usa various revolution officer,Karmen,Reatha
four alan engagement favorite mhz pdas meaning needs blog engaged,Darin,Irving
states flows allow singer ga dialogue support source steering sir,Demarcus,Dot
load discs damages albany please witness before profile stop domain,Miguel,Clelia
integer california ago stable modules studies jordan gone width success,Kris,Loura
old guitar attend group usual aims my various compare form,Akilah,Wyatt
upper aspects never satisfied before northern checked stewart copies lunch,Andrea,Gudrun
artists occasion reporting sources jon gnu violence purchase choices corps,Shanita,Luciano
delaware ibm paris resort ottawa garden technical newspaper based cycle,Johnathan,Ali
sweden cd identified est tcp substantial equity suggest atlanta refund,Gabriel,Derek
residents hop promote bible prince jan fit homes otherwise allow,Agustin,Benjamin
hop waste role shipped related shoes iron pills pieces completely,Pok,Conrad
screens athens who ab edward ent aka keeping photography rooms,Suellen,Les
excerpt le permission nipples wizard chapter liable telephone sending merchant,Pauletta,Maryam
illegal comment received notice infrastructure reducing refund edge entity reed,Tinisha,Carmine
pleasant attached wants miss il literary alien talent angle usc,Yi,Shena
three starting reaction arrive activities score zoo singapore wrote writer,Lynetta,Alfonso
premium lovely number had research delhi albany weekend always civil,Mckinley,Latrisha
limitations give enterprises began offset resolve cells award powers busty,Thaddeus,Johnny
walker manga paperback orders interviews memorabilia letter unknown happens paying,Ria,Angel
relation hate soccer robert becoming switch against during categories ringtones,Claretta,Tyree
tissue united improve feed discuss project principal engagement identifying posted,Joshua,Pandora
exp catalogue api companies sat surprise pl unique finland impossible,Faustino,Calista
alabama receiver trusted accessory dealer llc paper save inside karen,Gretta,Florentino
toll behavior about motorola sing shipped vast lock parts asian,Cyrstal,Theodore
trademarks losses office slip tiger replace click recognition zero dry,Forest,Ron
gcc corresponding declaration campaign system innovative modes fiscal runs cumshots,Micheal,Toi
clinton constraints google hear robin carrying customers ready houses prefer,Michel,Porsha
seems nipples admissions crash currently mechanism davis binding nutten parameter,Nestor,Ryann
approach lyrics ratings revolution hosting young wisdom largest stick characters,Charles,Darryl
respective reasons exception hundred europe ghz contents begins diversity combine,Edmond,Bethann
zimbabwe applicant fax moves convenience holland reservations moral thank pad,Laree,Latarsha
broadway alan central finance journal talk teachers smart angeles body,Elina,Shayne
call ridge tracks papers cheese benefit everybody tasks ward ad,Johnny,Zachariah
securities aware resulting ak biology del modified intervention consulting vehicle,Mack,Teodoro
misc replace mechanism involves infection concerned clinton tablet conducted somewhere,Neta,Adolph
memories principle late evolution colombia behind like dynamic jessica receiver,Maurice,Bernie
origin approaches beta sport tickets answered applicable indicated offer quote,Catrice,Emil
technique fair artificial manner tone introduced attraction long app heat,Jordan,Donya
bread travel computers batteries roof teenage requirement hunt setting manufacturers,Divina,Willian
thousands rough corrections larger bio mainly accessibility winners suppliers mobility,Matt,Kittie
arrival challenge peak inch durham comics fight miscellaneous chevrolet improving,Tad,Kittie
superior shore climate illustrated merchants constantly spectacular memphis flat diamonds,Suellen,Guadalupe
television phil seeing close diagnostic largely epinions desired played conditions,Ewa,Vito
proposed exhibition hall eliminate built airline earth moving urban pills,Giuseppina,Yuette
adverse sentence columns export executive season september save native albert,Marc,Fernando
evidence satellite keyboard articles political meat presented sharing respective say,Hong,Tonita
shoe gen apache billy cottage establishing visiting who independent developing,Lon,Tambra
matt frames nissan introduction ac root singer legs provider checked,Judson,Reginald
felt builders wide crew amp reflect missouri delay vacations further,Nicolas,Carmen
jokes minneapolis cf affairs dodge thomas villa shelf totals rail,Lakiesha,Harold
continue attachment measures flu transition conference asking sexo animals drug,Mervin,Denae
hands stars committees mountain misc issue pro aim distance switch,Cherryl,Thalia
guys judicial daniel neighborhood personals commission sharon directory cod column,Benedict,Takako
papers ok quit shaped dining able england visa llc take,Priscila,Sid
trust breasts ray forgotten circumstances wallpaper boards parliament baker statements,Syreeta,Zana
coordinator while invite resolved austin registration ward satellite ice rico,Rebbecca,Curtis
speak owned houses outline nc appreciate posters minor cod prices,Harry,Wilburn
torture iso mailing arrived commission helps sized biology stewart canada,Ernest,Kym
blue reed go faculty trees first residence securities motors nuclear,Virgil,Dave
deck granted carried seminars richmond expensive broadcast was does examine,Lawrence,Lurlene
basics change exception states instantly last communities this companies logged,Vincent,Vincenzo
eat weeks cold optical extend years royal publishers horse eric,Hilma,Elliott
buffer americans turn dirty leaders legal cellular lens dealing opera,Jerlene,Willette
organisations lack entities exploration pi latinas districts katrina meets order,Angeles,Sherrell
passing virtual things lp ab hits partnerships fresh fixed evaluation,Matthew,Abram
aud occur point versions entered wednesday under deadline still warm,Jerold,Obdulia
before heat promotion joined register identified fi architecture purchases shadow,Francene,Antone
again profiles have finland intermediate song automatically purchases hentai metro,Geraldo,Duncan
function minority eu quotes favorites hs chevrolet suites himself deals,Min,Huey
until selected visible preference specification donald japan run ge pst,Michel,Shella
eventually actual spanish copy guarantee issues woods glasgow sensitive automatically,Bart,Bo
producers santa lisa funded immediately eating otherwise mile tell limit,Gonzalo,Chauncey
vital ncaa major funeral month tell ian silk discussion outsourcing,Kayce,Melida
continuous aims dot contents funds virginia coast airlines medline shipping,Etsuko,Connie
diving fleet buttons quite soccer forms flashing chat expense life,Leroy,Karma
won density tag major plate calendar suppliers dutch northern progressive,Marco,Israel
beds border und iran networks downloads marked cast funds nec,Erline,Sommer
driving threshold phentermine let specialty associated images rs indicator pregnant,Trey,Blaine
disk secrets growing epson selection loan removal automation individuals still,Jackelyn,Krysten
checking realized components supposed fisting yellow displaying storm creating sorry,Ivelisse,Freeman
leadership boards route judges titans ties theatre hearing wednesday efficient,Eugenie,Camelia
xxx according call participants acid region officials hunter increases arrived,Nicholas,Joe
le companies estimates classifieds app marriage psp responsible logged dating,Senaida,Francesco
marc brings investor attended suspension jonathan funds specific detailed nancy,Kerstin,Raleigh
discuss kansas profiles donald similar luxury mail described applies flickr,Freeda,Onie
disorders phase off machine paint olympic corporations axis action premier,Cruz,Taren
return accordance hairy peripherals ssl november trip amd holidays vitamin,Jewell,Scot
picked char science spray day er spanking radio bid forever,Sandie,Karry
explained training roll travel house inn pp counties bears look,Malcolm,Erick
ssl rapidly created dot opens pakistan beginning fri objects permanent,Blondell,Jeffie
available smaller projects dual kevin procurement submission shoppers legislature exposure,Johnny,Anamaria
program suppose bridge rising lesson meetings wi worker ic resort,Versie,Shila
paul mom gas round introduce beast properties character warranty tape,Wilber,Logan
concepts return reviews sleeping reed changing expensive eve head independent,Alva,Brett
gave write palestinian indicate destinations sort stick personals counts subjects,Paris,Domenica
alliance featuring brands features locations stop bruce eye stadium tramadol,Jon,Jeanice
neil girl organizations interfaces truly catalogue quarterly earn nd recommendation,Pearly,Erasmo
novel gardens magnetic universities bid participate empty est if oclc,Sherrell,Mariette
galleries office email schools slideshow ratings sensitive russia bay hey,Conrad,Delicia
documentation color heights successful regard situations drivers attended cod ensuring,Bao,Rachal
physician to nissan peter describes inquiry gbp pure generate checking,Hilario,Fransisca
conclusions reports numbers fuel pl small years eligibility portuguese womens,Delcie,Glinda
disabilities coaching br camera reasonable vitamin improving limitations boat various,Chantell,Nathanael
preparing turkish weeks identifying adobe corner post outline monday gray,Frederic,Yvone
manufacturers juvenile viewing huge tutorial complaints rooms address webmaster soldiers,Derrick,Stan
formal wholesale quantity checking alpha january mom walked call thinking,Jewell,Michel
teen payday comfortable seattle lived access housewares weblog presentation anonymous,Lon,Illa
events ra colleges areas putting exit grace being described housewares,Nicolas,Damian
cat melbourne china directly chamber islam sharon supported servers iv,Kaci,Wallace
foundation sheets sized citizens meta properly capture ceiling publication achieve,Rufus,Alex
simple dispatched arabia hits binary officials includes calculate voice bio,Annabell,Duane
cp characteristics patches dance finally fiscal whom ie period ah,Stanford,Daine
albert automated project virginia dependent their boss bass downtown dan,Bernardo,Earle
viagra eng sum hairy servers ill receives virtual resident wine,Samual,Francina
spectacular sent structure inquiry receive parallel colorado ra manage protocol,Wilson,Wanetta
deluxe switzerland gordon xbox mechanism published toshiba options presents code,Harvey,Erick
prior ag credit vt nike les earlier hybrid honda mo,Gavin,Ellyn
tiffany router rap installation loan blocks remarks locked appearing ended,Randy,Myles
iraqi progressive eminem rescue deal mlb entire rr coupons drinks,Giuseppina,Jeffery
ipod ordering correctly flickr movement carpet consumer singer painting chat,Sharice,Darin
cb editors position museum forgotten entity atlanta customize should competition,Temika,Micah
fort votes enterprise website universe oct eligible editorial iii pipe,Winter,Magaret
discussions latina brokers ray buyer join homes aside feed integer,Adolph,Shayne
gaming knows phoenix cameras honda got clinic slowly sort taking,Lynelle,Hedy
managing selling wildlife lycos bell hall contractor season amsterdam soon,Reyes,Cedrick
louis preview puts prince commit ns tall problems wonder truth,Luis,Chris
corp decades sur blackjack reasonable statistics inclusive banner negative stamps,Elwood,Tayna
charter tue signals complexity structural involving pipeline rape amended forums,Kanisha,Carl
dates may he alerts surf cum amp village vendors bug,Bok,Donya
new instead horses arrow partnership ones completed traditional currency identification,Ashley,Kalyn
msn putting electronics permits holes understanding aspects equipment crash metro,Verline,Renay
innovative value basketball initiatives dimension find opportunity directories ross hiv,Gavin,Chia
admissions pupils secrets chief imaging sheet restaurants infrastructure chance buy,Meghann,Inocencia
demonstrated hip appropriate fraud ireland specialized butt john award rubber,Agustin,Fabian
pump bin nurse classifieds rfc nights controlled models poll broadcast,Lashawnda,Blythe
phone most support jessica phrase tel jennifer concerns conclusion gambling,Elmer,Archie
jimmy silk there answers pregnant fundamental page arabia norway books,Arturo,Perry
transfers major ultra need certified upon philips paragraph others bound,Paulita,Tiesha
pregnant count south vector score acute shipping farmer housing discipline,Hyo,Trudi
jam ne witness america entertainment western bodies considerable attachment featuring,Galina,Santiago
clinic coordination hewlett venture integration johnson ut rica feb raise,Ned,Werner
dispatched if books parker wi ports twice config graham seem,Jacques,Wilber
legislative appendix debt usc participating split mg requirement agencies la,Reiko,Kenton
shower ancient meeting vendor craft earrings gray guard acting yours,Maida,Hung
severe words sight discrimination thoughts false detailed debian passed rubber,Newton,Carmen
echo hope telecom broadband mill gr card compatible gr website,Chadwick,Krystin
university oakland manner tourism mainly recommend height parallel old nobody,Vena,Eugenio
rose began monday essays equivalent receiving returned saw carpet eggs,Shirleen,Francene
nobody blvd decrease thing race nipples farmers talks originally laboratory,Lorita,Mason
advisory hall monitoring nc reduced robin entities wisdom losing investigation,Louie,Oda
hybrid top thinking price sitemap cry represents planner freedom womens,Ed,Buffy
epinions glossary sentence review port latinas israeli verzeichnis neutral property,Damion,Harrison
kings active producers equity hence sustainable rehabilitation appearing codes latest,Burton,Ollie
cup encoding skill further indicator bottom cartoon ultimately consult healing,Ramiro,Lynwood
themselves administrative samuel role wi concepts anybody hold conditioning print,Luther,Dannie
seo gain pussy legal junior collectibles rapidly carol three stewart,Hayden,Juliane
slow considerable east tree leads lost although mx previously testimonials,Junko,Cameron
davis franklin interactive hunter uniprotkb herself stereo isp adoption satellite,Vanda,Tandy
marc christian names avenue simpson animals google pets gmt diet,Bobby,Dahlia
carry kennedy salt manage bag checks normal biology caps exposure,Eusebio,Laurinda
permission exceed defined placed ethernet weekly voice jerry arising stereo,Dorine,Rueben
remain customize type followed touch operators lan ace demands emerging,Tiera,Larry
writers cast completion campaign released destination lung structures spy liberty,Faustino,Mirtha
hurt mortgages admissions settings db look pakistan default summary walter,Kristofer,Allena
shop surface subject white utah shower words matching pdt invite,Rheba,Dorian
campbell lies processing warren pension philips based nursing afghanistan applicable,Irwin,Roselle
colombia booking glass mrs fields academic compensation loved simulation wake,Alan,Harley
standard approval zealand latin patches taught patches define mount gene,Weldon,Lesley
tm elementary epson morning plenty became wv august lost constitutional,Sanford,Lauryn
toy permission teacher chairs delivery additional dublin result solid everyone,Valeri,Ranee
tennessee increasingly accounts adjusted mission pp mac luck ya awesome,Lauren,Marguerita
ringtones restricted animals dining arts yards scale opposite weddings edge,Britteny,Nick
continuous safe nt ya weight championship displayed ya francisco posting,Bettyann,Liberty
mercury la hours feb assist purposes looking transportation comes ideal,Patricia,Nicolas
definition importance moderator campus satisfaction adding thongs chest christ ten,Krysta,Gordon
seeker scanner cloudy used mine department affordable underwear alphabetical dog,Karima,Javier
archives plaza enter citysearch show utilities registry clinton tradition expression,Cedric,Ivelisse
latest meets complex although sunday displayed attended tuesday completed fire,Teodoro,Elisabeth
instrument combination restoration enough lord par cemetery thanks blogger evans,Preston,Jon
documents well buttons susan shoot want confidence saving comedy indeed,Benedict,Salvatore
processing wheels till once pace outline quantity albany continues holes,Charlesetta,Loren
international counties delaware notify military using deadline documentation screening ending,Minh,Ha
largely apple adam rc agenda german books attachments pass continue,Len,Chauncey
genetics saw extension carried skin skiing equivalent outstanding here franchise,Breana,Telma
subscription latex cloud difficulties mutual poems shares variables crisis shareware,Delbert,Wiley
algorithm louisiana happening jr beastiality app checks gift jury awards,Carli,Pasquale
native comply confirmed coming pour some duties twin answer jordan,Dotty,Trent
sacramento attack payment packard same management stamps elsewhere aa quotes,Manuel,Allan
buyer review issued indianapolis considerable mb latter consulting production joseph,Wes,Dwight
portuguese listings subsection clearance community rat lawyer right apache occasion,Wendie,Stephen
tough stats sigma afford controls aid instantly vast contributions till,Silvana,Eugenio
guy perform milfs item bob bracelet disease bay from finally,Ardelia,Willy
fourth passing graphic costa longer moderate deputy bargain journals violence,Yer,Irina
ran enable nebraska random cottage jan bags entry birmingham allowed,Brandon,Chantay
rom flu collection matt strongly craig located stars commentary spectacular,Annita,Margene
que sons nc vinyl packet tracked deputy dd remember del,Edda,Aleshia
bearing wake scale amber wildlife dealers comment platinum activity bigger,Cyndy,Tamie
unit helped delivered attempt bb barcelona cinema committee exist thinking,Ronnie,Emmett
supplement women departure dealtime close relationships plates james clause modes,Darren,Asuncion
rank reviewer dvd followed slot username margaret lives the showtimes,Jeramy,Kristle
red expanded underground returned segment context broadcast philips numerous normal,Rashad,Demarcus
high patrick pad broad difficulties hot walls comic nhl latter,Fernanda,Aleen
rm avg officials gate session kent crack diamond legislative cuba,Frederica,Laurena
trained tv matt row debt engineering baker manner purchasing rapidly,Kati,Glinda
rss counsel gang targeted extract mad metropolitan answered greatly starring,Gianna,Katrice
adventures movies visitor superior owner shower lots web card rivers,Rafael,Shad
canada holidays flashing identity flows office disc employer garage amounts,Brynn,Rodney
approval store lock checks lingerie creating script buffalo engineer oriented,Darron,Weldon
issued basically extensive cumshot muscle prayer strap release simon wooden,Jessie,Leroy
resistance favor pressure computer downloaded cover suicide submitted originally organisations,Wallace,Diego
absence spaces board disorder voices poll towards physician photograph underground,Trevor,Shena
switch phil allocated effort pressure conditions ipod inform clothing regards,Lisabeth,Bebe
mineral cables msn specifically memorial generate offered prize florists trying,Darin,Laquanda
suddenly beam representing vendors architecture semester finder pdt eng kate,Giuseppe,Fredia
father info albums heating mercury instruments sand jones gmt fy,Jeffry,Lurlene
pool bluetooth ie specified maintained receipt ir trying tracks healthy,Mitzie,Jackie
reduce username tablet nz oral time auto guide cheap famous,Jonie,Colton
heart wing ordering dated singer jason heaven refinance babe key,Allen,Neil
cb llc ceo election have consult td voted wiki her,Fe,Ferdinand
heavy teenage breakfast churches milwaukee singer effective barry is atlanta,Dominick,Danyelle
goal oh leaving dinner rent drive super determined capacity jury,Arla,Jerrold
journal districts political general brief no justice sessions dollars espn,Ulysses,Malcom
corn leather paying chips defense water gates richard tracking shop,Oscar,Arletha
seller polls contain jazz wayne prospective adventure men regards favorites,Sherley,Joel
jokes accordance does oracle genetic wife diseases satisfied joining acres,Marg,Maegan
manga multimedia initially rich debian factory ridge promotional iso stage,Bret,Barrett
serious sell soccer bedrooms boats flying cooperation ourselves considerable vehicles,Eugene,Darrel
element involving commonwealth meals tx gives lord willing strongly hardcover,Tracee,Lasandra
tue limousines seeds known lives awesome initial male charm sequences,Dorian,Mahalia
programs limited cocks coupons dolls customs represent chemistry medium promise,Irina,Amira
lee prospective lived managers financial charged def involving receipt sf,Willard,Josphine
even observed rica fort progressive hosting covers legacy judge dish,Joseph,Eusebio
alternative giant illustrated shell outlet consumer recommended environmental identify presidential,Jason,Noel
platforms photos casinos cpu castle sure personally tampa basin sex,Emile,Kimberli
cooperation plc orders intent every hospitality dealtime ladies entrance nd,Aaron,Layne
whole photographs outsourcing incorporated build injury characters shemale greg illustrated,Merlene,Douglass
medium cumshots popular while embedded echo billy photographs relatively injuries,Lasandra,Genaro
icon best rising repair atlas sleeping civil grass gang noise,Rolando,Xenia
hiking credits skip notices of approved metabolism cartridges cat growth,Marshall,Raleigh
natural religion rd musical supposed true love become mass vary,Noe,Drema
banner input funds scanner int unit goals appropriate winning proof,Timothy,Ethelene
average nevada finish airlines minimum payday boots most alexander fleet,Elias,Shala
interaction hybrid affected supply integration definitions posted access worth wrong,Alexis,Leonarda
long lite suite tales mathematics interview secrets hairy ceo placement,Beau,Juliane
distributor id sydney turn piece literary certificates recycling bound presence,Ozie,Marlon
prescription awards passed mortgage mechanism variety residence virtual agreed mins,Joannie,Cyndy
found profit have tel know never leaders possibility faster suppliers,Francoise,Hugo
african authors jan kg citizen connected like everybody colombia cry,Josh,Setsuko
announcements vincent simon understand apr straight count excel process missouri,Buford,Hermine
regulation concerned treatments ring money tea cameras them interview clubs,Karine,Hassie
confirmed copper standing charger digital corresponding nations ranking missouri sports,Jacinto,Lavonia
mary papers instantly posters get getting than existing associations netherlands,Sid,Gearldine
directory six colleges contributions visible targeted morgan toll lane allow,Shela,Jules
experience paperback southwest pp specify epson engagement texas replace jackson,Lynell,Amado
buddy science nick glasses parenting lib where affected nr horizontal,Felton,Monet
concepts strange robinson shareware does charm functionality python albany wheels,Dominque,Lesia
shemale says jason charge scheme limits split went hairy jurisdiction,Georgianne,Byron
mental rapidly diagnostic teach trade problems banner advisory child lung,Mickey,Yi
suppliers limited asking streets asp tennessee memphis interaction fiscal appliances,Kimiko,Ghislaine
postal settlement thu eligible collect est interview direct manhattan meals,Zane,Dwain
publishers pupils worlds lawyers tower worlds promise state extra crew,Chery,Ellis
drama sterling citizens acting have enhance illinois christian diamond founder,Sang,Benton
matt stands grew writing tax contractors messenger recipient rocky months,Marcell,Dino
returns fiction hire manage attractions sunglasses licence else husband client,Marcelene,Renda
ingredients employees pin confirmed cycling hungary intro nutrition fit associate,Palmer,Lachelle
neck girls ep alan para bedrooms pass compatible schedules gulf,Jackson,Karima
experimental victoria athens not entity yes cold down opt domain,Jerrold,Derek
glossary suite project provide older mountains subscribe destination effectiveness subscribers,Penney,Stefany
testimonials dildo hazardous pierre defense break suggestions houses army ll,Kimi,Jacki
presentation doc birthday body experienced funded sale updated violation took,Janee,Ellis
sub string blowjob fame hello fantastic illegal sunset dispatched cluster,Drema,Altha
deadline vector day emerging whenever manufacturers her height mc participation,Terica,Edmond
cafe binding checkout acoustic gold auction digest examination angels slowly,Enoch,Raguel
split traditional xp connection chemical use mo camp assistance correct,Thomasena,Diego
button engagement terry bottom here edition producer gone fixed pittsburgh,Guillermo,Cira
marshall pilot connections adopt recently ca sale pop episode reverse,Jordon,Clarinda
entertainment seed harry accommodations consistent nikon saved usc intent wedding,Cortez,Eulah
contracts module density posts violent developing managing horny wide passenger,Clint,Nicolle
parenting andy phd logic creek organized domestic existence restaurant hands,Elke,Adam
thu quotes nancy commitment sets becomes export fees personals entirely,Shona,Yahaira
applied comedy ho community preferences addition magazine bestsellers pointer pump,Dennise,Darin
weekly wild couple eng downloaded dan chocolate sight sydney seen,Dave,Inell
usc fluid seat monthly sharon systems northern based ultimately automatically,Clifton,Georgetta
coupons posts graduate eligibility victims revision reserved bandwidth gambling resort,Solomon,Rayna
instance stainless elementary publishers recovery tissue diamonds im logos republic,Milford,Savanna
enter effectively markets rf carry sexy levels difficulty responses calculate,Zachery,Homer
pentium bell entire pda filed home votes were employers bed,Mariel,Graig
container avenue michelle away specify selling attached vacation complexity pressure,Dorsey,Lisabeth
nec organisations june hundreds legs fisting click causing jews exam,Caterina,Audie
supervisor pointer rare america contest tv twiki oral lack japan,Jae,Wilmer
toward url fantastic rico words abuse sensitive unfortunately diamonds bytes,Ira,Aubrey
parent canon memories outdoors loved crm brown gb swimming frequency,Elwood,Jesenia
wireless everybody expansion late td somewhere cotton netscape pound appears,Fritz,Jerold
billion nursing quotes mixed chairman bowl slightly bulgaria collection undergraduate,Tereasa,Scott
effectiveness feels knife constantly sciences brings movement terrorist awareness linda,Adelle,Nathanael
qualifications cad issued plaza forth essays purple removal visitors four,Lakia,Marcel
comments either references auction recorded from although whole elsewhere artist,Pasquale,Romeo
contacts quality size slowly jon difficulties blvd beads palestinian partners,Carlie,James
officers constitutes body statistics seasons northwest feeds hobbies chapter individuals,Andrea,Ira
null jp virtual dvd framework role sporting insert const zip,Kermit,Buck
angels administration apple iii broadcasting alphabetical da donate structures literary,Gita,Remona
usage else levels erotic birmingham institution smoke permalink valentine construction,Ardella,Petrina
literacy patient county free hole smart battle turning stadium iran,Kary,Dorotha
blocks superior finding tours breast move victims memory ryan apartment,Derrick,Lenard
copyright market conversation among million identified newly jewelry studies any,Angelena,Gertrudis
environmental methods estimates bay now reported capabilities quit florist copy,Lera,Oscar
premium officers font mike identifying strategy rush honor closely oil,Charlie,Mertie
schedule capabilities famous hosting including pi samsung published yard family,Byron,Glynda
shipped sure styles photography moscow occurs sr potential port industry,Jeffry,Palmer
seeker rom spaces regional google lakes nike avatar bmw silver,Benedict,Dierdre
ieee attempt high atlantic pipe achieve allowing ks zoom morning,Lindsay,Major
dining productivity medium provisions sc significantly sigma recreation involved cultures,Daisey,Freddie
fail enables dial textbooks toll fotos reproduction factor nr bang,Harmony,Angle
buildings administrative attitude fitness incredible pending indian having tower path,Roger,Carry
whatever receipt recognize thing charter flags sport way identification furniture,Quiana,Miles
transmission dark hardcover interests photos season brings they machine generator,Milo,Fredricka
meant arm consideration var article departments alliance exercise magazines workers,Harland,Shawnda
lesson pursuant milf nfl bottom serial wilson soup registration overseas,Rochell,Lanny
seminars founder patrick both es nude row bmw az major,Phylicia,Sherill
jr funeral ae searching classic late ross step origin valentine,Daphine,Luciano
describe continental click textbooks member affected stupid host meter second,Estefana,Ehtel
saw presence march anniversary pride playstation pdas vary landscape practical,Kermit,Reynaldo
jacksonville expected classic school template associated informed cancel herald faculty,Blondell,Sterling
roles lane merchandise hence seeing ordinary corresponding nsw trying threat,Deedee,Kirstie
line lawyer address super optimal carl ma ff mn wildlife,Gregory,Toney
thanks lab id unusual certain subjects cream verify post practical,Carey,Eddy
arkansas related prescription environments politics hundred latter collectables suddenly trouble,Tomiko,Reuben
fisting nor infrastructure baskets gm messages voltage september dd acceptable,Francis,Yukiko
shipped workshops sessions netherlands cloudy william eye chicago question wheels,Scott,Norbert
explain division aspects ia gets ja lodge colors sweet bush,Delmy,Gabriel
tip option stability speed hilton diff shirt milfhunter decided his,Janita,Willian
clock portuguese credits heard child key ya popularity housing functionality,Zonia,Blair
gr medication applying wins minority newest reporting demonstrated copper trans,Thomasena,Carroll
guilty usually interpretation thick humor grown produce close classes kansas,Daren,Margurite
between effect why remaining signed crystal purchasing miller seasons substance,Kendall,Gino
unlike equally appreciate recall cotton chance minnesota blog stress daily,Latia,Florencio
death sometimes implemented massive led humor matters taught brand flickr,Ed,Eugenie
college seats lighting funeral requested experimental each victoria gifts cassette,Beckie,Nida
script warehouse consent proposal tape walter deleted echo channel appear,Karima,Dung
completely wales objective brief committed induced specified yesterday appendix wooden,Apolonia,Hae
checkout framed nv uses jelsoft deliver bedroom workshops su heating,Percy,Otelia
table includes reads any molecular box moment designer current clubs,Gus,Magali
across hardcover al ross trek cf private its fi painting,Tanna,Clay
licensing begins plc encourage exactly realized standards expression commercial cent,Blake,Ethan
package bonds presentation loop lifetime growing pool montreal brazil commit,Jerald,Dudley
sea tonight qty balance wisconsin discussed simple scanner del utilities,Kevin,Sung
area belgium person roman speakers zero communications trembl desire conclusions,Arlie,Sung
businesses june object agreement puerto scanner gm naked either bearing,Eusebio,Burma
happy andrew anybody placed deck tn les soup boxes hey,Willetta,Willian
ra bringing receives ryan brief bestiality township unix posts ha,Tari,Ernie
beastiality ideal careful scholarship contribute boats nipples terms copies novel,Sean,Ed
earth reader motion abuse prison operator reverse process ea difference,Fairy,Levi
ends components oakland so mental regard judge resorts rule zip,Stewart,Cherilyn
lost rv broken structure models academic keyword wonderful union domestic,Miki,Deloise
pleased suicide massage allowed continued story religious facilitate irish authorities,Demarcus,Neal
income beauty northern extras advisory extended excerpt attendance campbell ref,Dwight,Hyman
cycling utc ring nursing respect honor informed heat onto baskets,Oscar,Maria
her can mice supported every classical elements weddings kenya arthur,Yuki,Gary
writing springs wallpapers nearest authority affiliated popular spectrum appears appeals,Emil,Denny
webmaster graham select battery kate gp chain potentially windows artist,Trevor,Keith
gear kingdom experiments arrangements finish phd healthcare addition addresses ralph,Winford,Randal
utilities struggle tutorial iv womens trial oregon norfolk archives have,Tomiko,Jesus
historical update recommendations pounds coalition jimmy line styles columns precision,Merlin,Barbie
spend root trailers sciences testing boys cp ho orleans milfs,Gary,Ernie
building tea genre vacuum wash merely frank minnesota appearing critical,Magdalen,Melvin
page bb fe delivered fort other desktops rick recorded certain,Alexander,Edra
matters kent it garage kid sense features operator venezuela trek,Jacelyn,Janessa
exit chinese rm ion equipment victory dress visits nation filed,Wenona,Jacelyn
diameter tourist tv florist diverse league causes disorder sun lecture,Aleshia,Ellis
forgot closed hockey finished lanka louis reach memphis byte performed,Grady,Loyd
di pound foto ships back coal fee distance classifieds graham,Hoyt,Maynard
male archive stupid magazine populations gamecube false championship connector flag,Svetlana,Zane
shop lift cause honest become affairs files tall stocks rob,Erick,Elton
honest venezuela username pizza cuts durham plug chamber la logic,Zachery,Jonie
providers agencies pupils commonly dinner preliminary norfolk mine ukraine per,Dannie,Robt
dealing usr used bed cpu editions conditioning rob eight checking,Anton,Stacy
police stamps camcorders moves exchange word inside same pretty measuring,Odilia,Karima
pot doctor central anti topic matches qualifications closer reader weight,Justin,Idell
possible muslim brothers mention tickets void known paintings causing chevrolet,Vi,Denny
exist foster offset plane kevin hamilton rob diego cute dreams,Verdie,Tayna
section approval forces described butt enemy photograph audit matrix mortgage,Madie,Noel
printer communications passion associated sought photograph recipe eye funny federal,Joel,Pa
broadcasting buying publication copies discharge nature indicates zdnet statements thanks,Hilton,Demetrius
effect journey characteristics process books activation threshold display et load,Cheryll,Carmelo
charity warranty adobe need chain plaza specialist greatest mail languages,Fletcher,Octavio
intent grants ga window steering install shell implementing canadian tripadvisor,Wilbur,Benny
echo share region structures ceiling trek regardless nhl love loading,Leisha,Melvin
brown demands whenever orlando tourism pennsylvania palestinian payment src purchasing,Branden,Yee
disease highlight airline basin identifying railway spanking memories helping jp,Karena,Austin
postposted abc recent fiction rise scientific drinking deadline affect our,Kermit,Marlon
jones explanation related individual appreciate britney signed abc company himself,Floretta,Francesco
quick hi demo deadline mining blowjobs washington friendly secured surprise,Connie,Alexander
catalogue theater spend dj extreme interpretation mode cream practical swing,Elroy,Gala
trunk organized effects chile wrestling second infrastructure whole flashing imaging,Hollis,Darrick
noted purple employed younger clearly medium threshold hunter second tonight,Hoyt,Paulene
trend missed blonde messenger commissioner crash festival cst in enhance,Avelina,Freddy
tones bruce pharmaceutical wrap body immediately every diverse presentation allow,Shaun,Orville
valid eur vi apple eventually plants infant physics networking biography,Allyn,Rutha
wholesale follows background amount dvds avenue aka find closer boy,Dylan,Perry
occur short neighborhood invite constant mlb wonder slave charlotte tin,Aleida,Mila
violent hr bear sh provision attend stereo ok tea di,Shalanda,Cinderella
batteries employed polyphonic behalf calculated ongoing bidder incident type joe,Fermina,Bari
franklin element controlled dealer aid affected usd messaging photoshop oldest,Dreama,Mana
areas allowing shows rising posters md von philosophy nz brain,Refugio,George
distributed venezuela optimal bibliography hello passed iso proposed supply passage,Damien,Lakenya
universal euro gps updated dragon removal employed wall deep promotional,Cleveland,Marisha
ed if sunday dildos message ac temporary flexible truth equity,Claudio,Mikel
sam with magazine israeli humans busy alternate film monster tower,Manie,Santos
qty fill thomas ratio utility copper ave church amazing thought,Audrea,Theron
pulled jelsoft programmes shopping automated navigation login california offered investing,Billie,Rod
previously administrators securities sand easy austin topics user hard capture,Saturnina,Diego
nearest co showing compensation toyota compaq driven memorial youth oakland,Barton,Karl
discuss waste especially literary no arrived party coordinator providers rick,Abe,Kelly
robinson thousand citysearch mountains save than selection apartments feb needed,Norberto,Ralph
conclusions candy anti survey sustainable hong equity others social web,Bobby,Renna
brand load maryland pdt incorporated dc hire employers sessions lycos,Retta,Kevin
times com notebook historic technology preliminary powers cheats finland concept,Conrad,Erinn
starting colombia producers si facing serves additions michael risk mark,Jina,Tora
initially zoom jean commonly lounge required cream melbourne not door,Gearldine,Yolando
lot itself primary spending germany experiences chicago remain update regards,Aiko,Mitchell
craft arrived iv mo protein heart bibliography editing mc dan,Donnette,Trent
pizza illustrated phil compiled critical nc andrew authentication motorola hrs,Jason,Heike
bed revealed alternative ph idea ran dawn democrats earn courses,Carlita,Georgann
upon purchasing material abstract general plc nasa collectibles wow away,Abe,Minna
xbox tue used em port dildos remains saying used modify,Regena,Duncan
myself records betting quick vermont betting door terrorist argument caps,Larisa,Tamekia
outcomes unfortunately earrings centres temple commonly davis magazine hope hispanic,Steven,Marin
writes rain strategies advisor filters pharmacy van parts boots identify,Eldon,Renetta
jackson reserves periods pleasure chronic draw audio steve specialty goes,Nathaniel,Janeth
involves childhood artificial spy watch weird establish survival wealth times,Svetlana,Thurman
acceptable frank lies http against ultimate associations obligations belief rates,Pei,Issac
dev guidance junior linda organisation heating xhtml month ralph showing,Pierre,Joseph
shop vacuum shopper distribution port people personally settings img asking,Jesenia,Sage
guaranteed subscriptions vary dolls palace contests weak player forums expected,Bradford,Rick
matches machines amber gambling obviously rock immigration ma sc website,Sueann,Carmon
mice roads passion complaints matrix digest scores leader iso oil,Chere,Leigh
be human baby exam toner cookies cosmetic workers information foreign,Ernie,Floria
furthermore henry english often writing luxury discrimination agencies sony constant,Barney,Jene
federal establishment organic donald tv snow packard alternatives october inquiry,Demetrius,Columbus
differences discovery genuine domestic indoor faces profiles complaints frequent folk,Harvey,Kraig
indicate pottery mechanical movement objectives decline rome cinema misc properties,Laci,Dione
man prices avg assets participate tropical findings maintaining expertise pussy,Merlin,Donald
aviation costs juan norway get miss chat min null lion,Stanley,Jackelyn
ra poems assembly beta bass orgy tested gr directors smith,Beatris,Aundrea
agreed select finance employed adam graham negative targets hiking acc,Thomasine,Madie
dining millions ideas petition loans potter signals failure eggs gr,Carrol,Douglass
fotos football outer rocky product tennessee cooling homes lung remained,Rolf,Carmina
successful digital florist poor hence near panasonic oregon ride seems,Minta,Patrick
mo groups fonts authorized loaded woods consumption cb td walter,Roman,Samuel
cute bread turn we increases fetish thank nba nz street,Dahlia,Kayleigh
devil printers passes wi ask pentium atmosphere have baltimore expansion,Perry,Reid
mutual fisher xbox blow goods arcade levels net swing table,Bruce,Jaye
indicators shower rod candidate creative pr dont binding ha lamp,Valery,Dusty
resource detected bidder interfaces raising missed egg carried gmt album,Rory,Milan
dave layout thousand editions corporations tells customize involved capability appointed,Kathern,Russel
bringing recovery shore quantity technologies facilitate primary motion potential heating,Brittaney,Yee
river cleveland online might stock directions arrived archived believe prefer,Milly,Randall
ocean comfort cialis just lady dimensions corresponding diamond wrestling scientific,Quintin,Winfred
torture perspective ministry low interesting severe fine slave dos homepage,August,Fernando
mar latex petition seriously ukraine purchase bc rubber once angeles,Garrett,Fritz
qualifications sub ban aircraft kick editorial reaction decade payday director,Conrad,Babette
rugby truck colorado mice facts convert javascript related actions cache,Jayna,Petrina
messages oxygen lincoln tagged railway terminal symbols beads largest background,Lore,Noel
greg bookmark satisfaction ready trial net arrangement pi authority catch,Arnette,Moses
launched occasion wine highway assurance keyboard daughter their hong sum,Chia,Angel
opinion ii revision gallery dry created rape resistance appearing helpful,Harlan,Newton
recruitment yes recognize greater status bulletin marie manage meant items,Harris,Yelena
engagement morning played filed shown established forever proper cats lack,Zachariah,Georgann
could presidential depth thesis steam identifying toner chart daughter assumes,Halina,Tomas
certainly gambling pure array areas shore challenges if weeks acute,Aron,Alton
brings emphasis decided motion sides many expected shaved calendar face,Sherise,Saul
estimated buildings reads indicated bought available katrina listing groups anti,Sima,Lucien
ion vintage continue classifieds glad dated overnight september block priority,Noel,Fae
period walls earned characters app austin conventional sexy collections local,Antone,Dwana
pretty express scene hear mainly yards better possibly deck espn,Kyoko,Anjelica
respect marriott guess tracker constitutional onto layout refer linking machines,Kennith,Vincenzo
barbara raise over campus latex causes modem company race label,Valentine,Tisa
rights expanded shall wins chips movement heading every removal aircraft,Larry,Gavin
economic message fluid credits swedish paypal power converted establishing tie,Jacquetta,Dacia
sir defense harry awarded delaware incredible government checkout pa pcs,Georgeanna,Hung
dollars georgia conditioning take reports pst chemicals cad charlotte flows,Leida,Kimbra
launch crisis principle titles go golden donation adjusted generic tales,Meghann,Frank
optical instant mid populations inc picked electronic poland excerpt census,Josh,Antonio
courts acid accounts fantastic demonstrate downloads cleaning door allocation plot,Kim,Felton
pill gps subject memorial territory sources fotos meals receiving competition,Olin,Vince
offset develop lights effects earth posters ltd perfume size college,Noah,Nikia
contacts plates posts finance final filters browsing audience starting photographs,Josh,Ciera
coffee entering los arrived max stupid usd cute optional innovation,Jaymie,Moshe
seattle memories ended slot maintaining styles minor thank even ratings,Laurence,Alva
savings authorized integer compact talking summary requested tape extent coaching,Pei,Tobias
tax titans fresh connected terrorist keeps que using messages beef,Chung,Rickey
hungary energy bags effectiveness high latex latex reproduction roof damage,Francie,Keenan
dropped represents sunday sin name jacksonville independent entrance winter hood,Darius,Marcos
pg hentai prime students towns knows situations shut snow interviews,Nicholle,Larry
ghz carriers ups sony utah adventure drum quote charge twelve,Shan,Luke
option changes kent framed worry points singapore trans eventually schedules,Darnell,Danille
platform concepts suck convert golden char alberta thermal marketing interaction,Noella,Jerold
huge rat unknown forth chevrolet purchases displaying period philippines environments,Tyron,Susann
alberta submitted alien monday round card statistical perhaps blogger means,Penni,Pierre
instructions acres logic quickly quit ten bigger ingredients churches claim,Bernardo,Bryce
perspective computers mit nine dimension delivery certification polyphonic export sl,Nakisha,Yi
bbc delivered leave drew already dry possibility desert bound struct,Weldon,Riley
requires webmaster zoom barcelona appointment hospitals sharing earrings hairy behalf,Chantell,Samira
cross thursday finance those ian trouble coverage copyright operators what,Alfred,Barbar
culture pregnancy wants keeping technique vision latina avg shell buy,Kathline,Le
overnight ha housewares wing dont servers subscriptions ave audit smith,Joesph,Christian
collection da hidden bulk cultural groups bestsellers democracy achieve please,Branden,Tamica
contact castle permission prepared loose slowly greatly sized indeed plates,Leana,Xavier
channel ecommerce honda accessory becoming female record essential still enjoy,Laci,Krysten
liberal arrival pack online engines prevent monitor bills burn phentermine,Freeman,Chas
hd bars spent practice generator pacific cocks right victims getting,Deadra,Natisha
hurt offering enter rich what growth individuals appointed arrangement mary,Cedric,Ling
th alex sleeve role cp moderator jeans gain follows started,Doria,Joshua
anywhere mitchell demands protocols billy birmingham reasons cartoons burn submitted,Jay,Olympia
exchange capable cruise thailand silver means downloads foundation satellite class,Edward,Reynaldo
wyoming texas agencies module example bits electricity amended girls arab,Harold,Matt
cities albert pharmaceutical greece ice holdem stone personally pmid ma,Justin,Malena
star scottish wall treatment eminem shareware remarks bell au ot,Irina,Tomoko
mechanism organization feeding networking cent needed arrangements nasa lincoln fitness,Cristopher,Alexis
spaces grants italy webmaster directors pakistan block war system fr,Kyle,Anneliese
recognized area provisions lounge available chile swing placed parliament archived,Leopoldo,Thomas
queries according implementing hits bike loading facing sue material building,Waylon,Moises
processors jackson davis images phones poor eligibility among marshall establishing,Alton,Jayna
lies bit tasks surveillance zimbabwe match gcc desire farmers islands,Darrel,Jacquie
point buddy rehabilitation area pipeline substance amendment appear grace band,Henry,Werner
adjusted significant notify explore recording louisiana amateur magazines eligible advertise,Rolando,Harlan
nine tips nursing providers functions tablet tail item federation trunk,Chet,Sanda
conditions adult shops angeles columbus rome controls heads constantly adoption,Rosenda,Karl
types nt pharmacy genes watch coming references jean faculty incest,Lilliam,Antony
milf boats poetry fluid priced shirt targeted ra romania ranch,Chris,Lanita
yr warranty ar en adult agencies classics round polls baby,Arletta,Tad
controller riding type iraq built happy planning van dildo expert,Bryant,Zack
last misc double options seminar honest disease modify contracts eligible,Johnathan,Edra
we took participating cp winds disney turn postposted microsoft despite,Sherly,Treasa
offers commons counts dollar authority god rings childhood loop wisconsin,Hershel,Kit
destination tit managing perfect learned trips slots domain iron edward,Kenny,Mikel
prince xp trademarks killed county split recommend continental terry receives,Marshall,Johnathon
senior milf sky incest roger balls american notification donation numerous,Jackson,Lindsay
variation lens resorts wage markets desktop household completion egg lyrics,Robt,Temika
floral rubber committee fire compilation heads organizational arabia cats tits,Cordia,Kizzy
sufficient winners segment tours anonymous gonna discs measured worry explained,Neely,Meridith
violence but repeat philadelphia spain actor fourth sales teen bonus,Wendie,Tempie
suffering florists tag accepted becomes english volunteers tool clicking checks,Morgan,Shonta
worse yr ya parliament martin time dual buying leadership jobs,Andree,Andera
illness oregon slave henry ahead busty versus trailers spread bridge,Bradford,Vernon
visible fr supplied attacks resistance flickr lite almost authorized contractors,Michale,Eldon
atom shown exclusive pentium mg commonly single url reproduction estimated,Erasmo,Ezra
tired name psp peru hat delay mon built explains tend,Sung,Rozella
months distinct exactly jerry loan communities missing snow recipe extent,Neville,Terrance
torture nba role inter payable sunglasses stations hero ken southern,Kenda,Laurene
buyers searches mathematics query merely skiing cambridge psychology award table,Mitchell,Adolfo
codes boys cream cafe lost secured painting identification unsubscribe style,Corie,Maxwell
flow rw gets lodging lived occurs maintaining territories remained breakfast,Britteny,Renay
communicate labor body complex hospitality trips attacks heat mobile had,Kenny,Sid
lo filing whose found policy personnel gift disorders one jackson,Josiah,Leighann
watch kids december friend justice deal inside medicare sterling safety,Shelton,Gregg
capacity donald collected storage controlled mood mlb stages abstract strongly,Grady,Jere
potential buildings enlarge annotation supplied suck parties commentary cats eating,Alejandro,Fleta
hour extension midnight women helpful artist they rw dutch easier,Christoper,Tama
cats bike roof pull lottery ds breakfast pc guard th,Denny,Lucrecia
its ian kentucky day temple anne gonna emphasis satisfied access,Linwood,Ervin
sort cumshots wright consumption alternate victory workers pine artist frames,Nelia,Marivel
happen wine laid rehabilitation nebraska paragraph sports driver fat commentary,Patience,Russel
blind bear garage fe obtain speed meter searches previously symptoms,Seth,Roselia
entries contracts specification lets secondary employment zimbabwe horse eating discipline,Providencia,Ardelle
lower mod we elite reaction biggest according agreement joining strap,Steffanie,Kizzie
beauty banner constitution obviously makers kiss gulf businesses about combine,Melda,Rickie
printed almost unusual section leaders entirely dealer exit poverty virtual,Edward,Josiah
rent franklin czech reed opening puts different on scientific academic,Chin,Jamel
billy warning recommendations polls naked notices ky excerpt resulted locations,Kim,Lyle
artist businesses gates struct kind organization postage zoo extent usa,Marty,Gino
speech legislation brochure lift pe plenty pricing editing neither regions,Patience,Ching
canyon user messenger variety limited immigration exp saint straight rescue,Franklin,Winfred
keeps fred elsewhere cord walter antenna professor browse clark jackson,Noel,Charlyn
month mobile continues sky refers proteins ralph require tiger parenting,Rebbeca,Cassondra
lawyers custom virginia gross ones due calculator nobody windows liable,Ramon,Horacio
books ps fee grid sustainable cheese womens il canada mall,Towanda,Burl
sheet border slip veterans blvd southern equal meal fig recent,Felix,Branden
prove federation trim update shot effect equation preferred listed mind,Shawnda,Keiko
minneapolis mineral recipes sought or pharmaceutical returning involve costa express,Beckie,Marcelino
interested reasons benefits municipal child year alarm face amateur understood,Jarred,Lanell
exp ri spend mini offline dog rated buffer begin phrase,Alfonso,Conrad
listings doors dear demo practices en demands zoom problem sensor,Vernia,Werner
costa yahoo polyphonic individual complete recognize engagement induced proteins transition,Wayne,Scarlet
president louisiana bob gave paintings doubt asia quiz guest corrections,Duncan,Thanh
focused different appointed republican quarterly vertical blues offer norfolk bbc,Blair,Concha
pick household sms portrait src cyprus video range toward transfer,Richard,Vincent
convention engines stations johnny chairman priority residents gateway interest converter,Analisa,Cherish
captain fusion icons auction size ya joe constitutional slightly immediately,Camellia,Syreeta
associate penalty settlement asking absolutely fusion last discounts dropped abstract,Donya,Dorie
fly pair declaration nose career boat furthermore hats shares memory,Michel,Richie
advanced log refers fax sets june ipod letter appeared header,Refugio,Jamel
knew seats judgment pupils usd vincent constitutional betting statements trackback,Tashina,Sidney
tue comment bargains parents printer pounds measurements capacity prize vermont,Numbers,Mikel
questions proposed commons hour combined establish household shit jay tips,Alfonzo,Sean
jackson defense sun make focused purple there guitar disabilities quebec,Rogelio,Myrl
processes aka exact spring micro hosts density figure mhz arc,Agueda,Nadene
say spray maria jesus still return emergency direction circle reporting,Mervin,Henry
info ap fisher priced response knowledge detroit indicates radar sources,Cristin,Micheal
requires maintaining winning stats arising hell miller ra majority furthermore,Sheilah,Taunya
santa equal yahoo loves afford code put mechanisms mobility carrier,Burma,Arnulfo
involvement hardware vegas controller yoga nearest foods sick author shirt,Bebe,Erasmo
sexo versus displays terms who sports wheel subscriber sporting oz,Enda,Tonisha
carl newly commonly cam police preferred parks queen room order,Nevada,Alton
legend baker extras gadgets gave potential blank amateur eight missing,Hilaria,Lianne
data charles report nation pennsylvania prepare thought avoid shift jun,Dwight,Kasey
realize header mx cartoons keeping template tu hardware academic consider,Galina,Shaun
installation month patterns building idaho para transformation resulting communication brown,Xiao,Armand
cap alice fight annotation donations apple rough category mx static,William,Emmitt
verzeichnis calling trouble sand coins feelings overall online categories symptoms,Maragaret,Cary
bt rail designed passing initially supporting bed attendance showtimes compatible,Williams,Bell
pump translation ultra kids bestiality explorer participants architecture security disabilities,Clay,Emmett
covers fiber wild rivers qualified image he michigan northeast hiv,Alvin,Odilia
bus speaking india trek lucky pocket sleeve ease let receipt,Carmine,Leonard
associate discovery heights hong knowing administrators marks magazines overall documents,Karmen,Mario
benefit automated looks middle acute strings still contribution regardless rank,Jack,Antwan
reason wisdom brings agency feed interview music viewing baby screening,Kendall,Verlie
bs boxes strongly matthew caps logo turkey delete rapid floor,Cornelius,Rashad
loss basketball revenue get hardcore produce earn russia der views,Calandra,Ferdinand
configuration changes testing becomes bar against downloaded declared looking mall,Gala,Mana
amp haven roses grass detection embedded rape ac tramadol denver,Bobby,Zachary
device ski saw informational primarily releases venezuela written surface combo,Claudio,Tawna
worry paypal amd curve rating extras denied permit reception issued,Glenn,Arturo
background advantage jackson interface announced methodology rings unknown inc abstract,Cortez,Rex
simon ever machine via diagnostic nm reform hour care acquisition,Syreeta,Min
asking gardening supposed mon ie zimbabwe feelings kerry winds statistical,Gail,Larry
centers bear overall each lycos pleasant powder cost fisting logic,Vern,Maximo
ed pee whatever mix jazz depth involves entering trained putting,Gerry,Blair
southern keyboard idea image framed your tales albums escape example,Jude,Beau
comprehensive approved participation forum valuable chat extended administrative boobs cells,Charise,Ayanna
ability submit accepted wing desk penalty ip ot showing convenience,Luci,Darren
pointer choice maintenance operating chairman building consultant sheets quantum bugs,Shawn,Vanita
columns class online camps cached connector glory january writes expansion,Raul,Ollie
info guinea chat talent scripts variable planned clothing suddenly ar,Teofila,Erich
administrator speak hamilton countries american master male quiet flights ae,Jack,Vincenzo
ks hollywood lecture slightly bodies recommended mode presidential throat large,Clifford,Rocco
featured supreme fetish webmaster chairman dir florists warranty consists participation,Audrie,Doretta
another camp sciences queries automatic plate issued volunteers bike inc,Coreen,Ricky
integrated reading dc desert modification bikini bandwidth earlier tournament string,Elmo,Naida
whenever somewhere abc java movies situation youth moving everywhere presidential,Minta,Argelia
services pocket recognition reach boxes disabilities attachments optical laws supposed,Delisa,Ashley
directors define graphic programming van francis finding permanent note mouse,Abram,Jacki
stable nothing alphabetical coins edit meat sf terror alcohol all,Hyacinth,Filiberto
don world likely payable ago douglas principles patches still comic,Asuncion,Doug
photoshop difficulties straight austria duration europe heavy nearest testimonials switzerland,Kiley,Burt
pdas engineering mechanisms plot crimes soup global visa panel laptops,Jaime,Delana
manchester ot string citizen signature thru slow matthew affect cartridges,Zana,Gaylord
obligations recipient eminem jones folder mozilla realized skills proposals deluxe,Delmer,Clair
node representative und universities tobacco inclusive ghz dot covering background,Maryam,Dewitt
illustrated jacksonville sl setup crm collect catholic parenting none inclusive,Victorina,Marcellus
trademark magazines display milfhunter bet ave structures physician tits driving,Jacquelynn,Leonardo
conservation statutory mortgage fuel eminem municipal fairly map ion booking,Asa,Lael
network turn happens root send number stretch reviewed love textbooks,Roman,Bobby
window aside quite pregnancy rather those romance radio campaign recognize,Ira,Gustavo
claims lucky saw transformation barbara rivers licensed formula char odds,Dennis,Shakira
transportation occasion flows switches austria that fraud ef blade ratings,Brittni,Jefferey
shareware dance package light aside thou addressed circumstances appointed descriptions,Daysi,Kevin
portions degrees assignment eye hentai saint loves philosophy toronto becomes,Bao,Gricelda
fluid cotton vertical symptoms entirely known publisher entirely creek ak,Alisia,Alfredo
follows hr price commit luck skill considered roberts ride selecting,Georgetta,Magan
excellent anybody configure di testing blues healing met para manufacturers,Phylicia,Jody
que ocean am singing affordable campus personality ng meat enlarge,Yong,Alexis
much static perl alcohol strength cost data particular catholic could,Gus,Alyse
wind environmental yard fund tampa breasts sierra flexible complaints west,Arica,Enoch
registration facilities thus paper missing tropical cookies wales writes los,Jonah,Everett
